txn_id,account_id,txn_date,txn_type,amount,channel
T000029,A05560,29-11-2024,Debit,-75401.15,ATM
T000033,A13469,05-08-2024,Credit,-8084.45,IMPS
T000056,A01705,07-04-2026,Debit,-48297.86,ATM
T000188,A01349,22-05-2025,Debit,-53196.78,ATM
T000253,A03674,29-07-2024,Credit,-52929.66,UPI
T000255,A11920,08-04-2025,Debit,-36865.29,ATM
T000260,A01952,24-05-2025,Debit,-77970.66,NEFT
T000310,A00993,09-10-2024,Debit,-64954.92,IMPS
T000494,A06498,01-08-2025,Debit,-19271.55,IMPS
T000569,A05211,27-09-2025,Credit,-65220.4,NEFT
T000649,A04283,03-07-2024,Debit,-96112.85,ATM
T000732,A04578,06-07-2024,Credit,-77753.25,IMPS
T000778,A12384,26-03-2026,Credit,-62683.78,NEFT
T000847,A04980,28-05-2024,Credit,-50869.92,UPI
T000890,A06578,22-03-2026,Credit,-8620.97,NEFT
T000957,A10036,02-05-2025,Debit,-73279.3,NEFT
T000978,A03982,20-11-2025,Credit,-99066.09,IMPS
T001039,A01432,12-10-2024,Credit,-76591.57,NEFT
T001118,A02495,05-08-2024,Debit,-32269.62,NEFT
T001119,A01585,17-10-2025,Debit,-83230.4,UPI
T001141,A99999,03-10-2024,Credit,-39172.56,UPI
T001232,A13200,12-08-2025,Debit,-22918.36,ATM
T001257,A03289,26-05-2025,Debit,-28717.31,IMPS
T001338,A09644,29-12-2024,Credit,-33910.92,UPI
T001445,A02730,25-07-2024,Debit,-6249.13,NEFT
T001478,A05313,23-01-2025,Credit,-47975.67,UPI
T001632,A04170,24-10-2025,Credit,-96292.56,IMPS
T001682,A04062,18-05-2024,Debit,-97835.28,ATM
T001722,A05638,30-08-2025,Credit,-66006.73,ATM
T001856,A10372,14-06-2025,Debit,-78895.56,ATM
T001994,A00942,24-12-2025,Credit,-40361.29,ATM
T002141,A12470,30-08-2024,Credit,-70912.77,IMPS
T002292,A09428,12-06-2025,Credit,-77827.23,UPI
T002297,A02601,09-06-2024,Credit,-40548.95,NEFT
T002313,A09953,10-06-2025,Debit,-68047.9,IMPS
T002318,A14640,22-05-2025,Credit,-4348.47,IMPS
T002363,A13052,04-08-2025,Debit,-76489.0,NEFT
T002410,A02311,05-09-2024,Debit,-23124.65,UPI
T002490,A07844,16-02-2026,Credit,-82934.84,NEFT
T002509,A04395,08-08-2024,Credit,-9927.3,UPI
T002550,A07717,08-10-2025,Credit,-60747.65,ATM
T002597,A10977,02-08-2024,Credit,-69896.23,NEFT
T002650,A04712,11-10-2024,Debit,-27942.79,ATM
T002754,A07179,31-08-2025,Credit,-13019.3,ATM
T002789,A12454,14-12-2024,Credit,-48465.76,UPI
T002799,A13149,12-05-2025,Credit,-48746.91,ATM
T002803,A08271,11-08-2024,Debit,-35907.89,UPI
T002823,A13056,04-04-2026,Credit,-400.23,NEFT
T002835,A04687,15-04-2026,Credit,-33946.08,IMPS
T002924,A00023,20-07-2024,Credit,-54064.19,IMPS
T003034,A01510,12-10-2024,Credit,-75090.97,UPI
T003055,A14455,09-01-2026,Debit,-41661.65,ATM
T003071,A07443,11-08-2025,Debit,-39741.9,NEFT
T003137,A06576,08-10-2025,Credit,-12348.17,ATM
T003299,A10664,11-07-2025,Debit,-2317.76,NEFT
T003319,A07309,30-07-2024,Debit,-12292.13,IMPS
T003338,A04717,24-01-2025,Credit,-85529.78,NEFT
T003366,A13322,30-01-2026,Credit,-24953.58,ATM
T003403,A14082,19-03-2025,Debit,-11853.08,IMPS
T003419,A09670,27-11-2025,Debit,-98863.5,NEFT
T003570,A10865,05-08-2025,Credit,-15449.76,NEFT
T003638,A13862,08-05-2025,Debit,-98756.13,ATM
T003881,A12968,15-12-2024,Credit,-5683.53,NEFT
T003885,A11623,12-07-2025,Debit,-77474.96,ATM
T003929,A05057,24-08-2024,Credit,-91201.87,ATM
T004055,A10198,25-03-2025,Debit,-28135.05,UPI
T004205,A13517,19-11-2024,Debit,-62393.27,UPI
T004216,A13384,06-02-2025,Credit,-57197.49,UPI
T004224,A10530,28-11-2025,Debit,-69293.83,NEFT
T004236,A04414,17-03-2026,Credit,-8566.21,ATM
T004252,A06977,27-07-2025,Debit,-42686.14,UPI
T004264,A01023,22-02-2025,Debit,-30419.42,NEFT
T004319,A05087,01-11-2025,Debit,-53566.05,NEFT
T004338,A13993,14-10-2025,Debit,-1968.66,NEFT
T004391,A12133,22-10-2025,Debit,-99413.99,NEFT
T004420,A02824,07-11-2025,Debit,-74420.58,ATM
T004441,A10018,17-03-2026,Credit,-49325.26,ATM
T004539,A02142,07-05-2024,Credit,-95007.17,UPI
T004551,A02415,29-11-2024,Debit,-40831.26,UPI
T004583,A04535,21-04-2025,Credit,-36738.31,NEFT
T004588,A14236,21-10-2025,Debit,-60984.93,IMPS
T004629,A14334,14-09-2025,Debit,-16818.35,ATM
T004677,A07494,25-02-2025,Debit,-49639.14,NEFT
T004736,A07062,22-10-2024,Debit,-24256.61,NEFT
T004775,A03074,12-07-2024,Credit,-67143.25,NEFT
T004872,A05926,05-11-2024,Debit,-25340.12,UPI
T004974,A00988,18-08-2025,Debit,-65116.24,ATM
T005037,A00235,21-03-2026,Credit,-34764.94,IMPS
T005201,A09112,05-08-2025,Credit,-89995.31,ATM
T005244,A11909,20-03-2025,Credit,-96563.69,NEFT
T005268,A03315,23-10-2025,Credit,-72301.03,NEFT
T005432,A04075,12-04-2025,Debit,-64498.78,UPI
T005465,A04648,09-05-2024,Debit,-25386.83,NEFT
T005513,A14932,11-06-2025,Debit,-90445.82,IMPS
T005546,A02343,13-04-2025,Debit,-1525.74,NEFT
T005565,A02359,22-04-2026,Credit,-89885.85,NEFT
T005570,A03034,07-09-2025,Credit,-38371.21,NEFT
T005586,A05294,07-06-2024,Debit,-73534.88,NEFT
T005745,A04971,30-06-2025,Credit,-99531.8,UPI
T005795,A12466,01-09-2025,Debit,-57434.17,UPI
T005876,A01650,05-12-2025,Credit,-68419.68,ATM
T005889,A02707,22-10-2025,Credit,-22437.77,IMPS
T005948,A09130,17-04-2025,Credit,-71407.48,NEFT
T005971,A02209,28-03-2025,Credit,-99437.58,IMPS
T006042,A02340,28-06-2025,Debit,-58155.78,UPI
T006158,A13761,04-02-2026,Credit,-29909.73,IMPS
T006255,A06169,13-02-2025,Credit,-23688.14,NEFT
T006309,A13710,11-07-2024,Debit,-57279.16,IMPS
T006359,A12467,28-09-2024,Credit,-80392.99,ATM
T006407,A01646,14-01-2026,Debit,-40189.64,UPI
T006442,A06333,23-05-2025,Credit,-94618.36,IMPS
T006454,A13031,12-04-2025,Debit,-90333.12,ATM
T006494,A02803,29-03-2025,Credit,-73409.99,NEFT
T006531,A09921,23-12-2025,Debit,-74788.88,UPI
T006533,A06378,25-07-2025,Credit,-24883.03,ATM
T006564,A06124,23-10-2024,Credit,-8861.75,NEFT
T006698,A10959,04-04-2026,Credit,-75406.55,ATM
T006703,A11012,29-10-2024,Debit,-73088.49,NEFT
T006746,A04129,01-09-2025,Debit,-33466.81,NEFT
T006948,A12001,17-07-2024,Debit,-84415.53,NEFT
T006970,A14386,22-03-2025,Debit,-35393.78,IMPS
T007051,A05593,15-12-2025,Credit,-21780.67,NEFT
T007103,A10561,15-11-2025,Credit,-6937.56,ATM
T007110,A11438,02-01-2026,Credit,-76851.74,UPI
T007182,A04106,08-10-2024,Credit,-88672.45,NEFT
T007256,A00879,06-10-2025,Debit,-53229.96,ATM
T007338,A02086,24-05-2025,Debit,-24284.85,IMPS
T007348,A12335,30-06-2024,Credit,-31545.65,ATM
T007415,A00862,20-10-2025,Credit,-57347.07,UPI
T007673,A12668,18-04-2025,Debit,-61107.34,NEFT
T007688,A12829,22-12-2025,Debit,-41113.39,IMPS
T007717,A08613,26-02-2026,Credit,-54431.96,IMPS
T007759,A13048,10-11-2025,Debit,-58611.62,IMPS
T007806,A08931,26-04-2025,Debit,-96456.25,ATM
T007892,A11751,12-06-2024,Credit,-57219.21,NEFT
T007897,A01265,07-05-2025,Debit,-15655.54,NEFT
T008068,A05885,15-03-2025,Debit,-9617.1,NEFT
T008092,A08231,05-07-2024,Debit,-5271.78,IMPS
T008111,A09957,08-08-2024,Debit,-70752.37,ATM
T008148,A09350,25-03-2026,Credit,-61226.51,ATM
T008159,A10436,10-10-2024,Debit,-44259.56,IMPS
T008165,A08052,19-06-2024,Credit,-34271.25,NEFT
T008208,A14851,09-04-2026,Credit,-30661.89,IMPS
T008240,A05004,27-07-2025,Debit,-90741.79,IMPS
T008334,A13724,03-04-2025,Credit,-22585.75,ATM
T008339,A02697,17-04-2026,Debit,-31130.84,IMPS
T008423,A01510,13-01-2025,Debit,-76103.6,NEFT
T008527,A02284,13-08-2025,Credit,-31505.97,UPI
T008549,A07575,16-11-2024,Debit,-87746.58,NEFT
T008690,A13119,06-05-2024,Credit,-22891.42,UPI
T008718,A02449,12-12-2025,Credit,-26441.05,ATM
T008731,A09989,05-10-2025,Credit,-50775.7,ATM
T008819,A05668,31-05-2024,Credit,-11046.27,NEFT
T008925,A13335,11-01-2026,Debit,-4888.28,ATM
T008944,A14298,16-05-2024,Credit,-69832.0,NEFT
T009011,A00041,10-11-2025,Credit,-42554.19,IMPS
T009019,A10314,19-10-2024,Credit,-52296.3,ATM
T009025,A13607,24-07-2025,Debit,-6623.63,UPI
T009032,A12980,03-11-2025,Debit,-79688.55,ATM
T009112,A06586,12-08-2025,Debit,-87090.93,IMPS
T009182,A03983,04-07-2024,Debit,-24359.02,IMPS
T009343,A07520,10-07-2025,Credit,-88107.99,IMPS
T009444,A04614,27-11-2024,Debit,-28993.92,ATM
T009505,A02626,18-08-2024,Credit,-91796.04,UPI
T009533,A03864,04-01-2025,Debit,-56314.65,ATM
T009583,A12740,20-03-2025,Debit,-54283.99,ATM
T009609,A12153,22-06-2024,Credit,-45794.91,NEFT
T009610,A07656,19-01-2025,Credit,-49212.58,ATM
T009626,A00676,05-02-2026,Debit,-41873.48,IMPS
T009672,A00377,14-11-2024,Debit,-52540.41,IMPS
T009686,A07061,24-10-2024,Debit,-70633.56,UPI
T009755,A02071,20-09-2025,Debit,-35818.37,UPI
T009759,A09403,22-10-2024,Debit,-5955.15,IMPS
T009792,A08901,23-02-2026,Credit,-20047.18,IMPS
T009835,A07033,27-05-2025,Credit,-16956.5,ATM
T009847,A09860,02-10-2025,Debit,-96317.64,UPI
T009947,A99999,28-01-2026,Debit,-44623.41,UPI
T009950,A99999,01-05-2025,Debit,-748.47,NEFT
T010113,A00560,10-01-2026,Credit,-10956.45,ATM
T010146,A08967,11-12-2024,Debit,-49334.33,IMPS
T010216,A99999,06-07-2025,Credit,-12452.07,ATM
T010310,A10801,08-06-2025,Credit,-71055.64,UPI
T010319,A06988,18-07-2024,Debit,-30250.9,IMPS
T010342,A01384,14-08-2025,Debit,-44118.96,UPI
T010480,A11629,26-06-2024,Credit,-22936.07,NEFT
T010566,A08653,11-10-2024,Debit,-63240.77,IMPS
T010667,A10541,02-01-2026,Debit,-62208.02,UPI
T010682,A04209,21-08-2025,Debit,-39292.45,ATM
T010740,A07552,15-03-2025,Debit,-20785.4,ATM
T010806,A08036,17-03-2026,Debit,-58950.9,IMPS
T010829,A09509,28-05-2025,Credit,-36798.04,NEFT
T011007,A05680,27-04-2024,Credit,-35703.42,IMPS
T011117,A03476,28-04-2025,Debit,-50158.22,ATM
T011154,A00005,10-06-2024,Credit,-67620.77,UPI
T011205,A01122,06-01-2026,Debit,-12677.0,ATM
T011260,A07697,13-02-2026,Credit,-21124.04,NEFT
T011303,A04289,27-05-2025,Credit,-65538.08,UPI
T011344,A08849,16-12-2024,Debit,-41856.64,ATM
T011423,A03562,22-04-2026,Debit,-41262.91,ATM
T011527,A00716,30-05-2025,Credit,-50965.67,IMPS
T011630,A05750,06-04-2025,Credit,-75084.61,ATM
T011647,A08366,05-03-2025,Debit,-67981.14,UPI
T011655,A99999,30-05-2025,Debit,-154.79,ATM
T011796,A07897,05-11-2025,Credit,-38424.35,ATM
T011821,A08365,29-06-2025,Debit,-58128.14,NEFT
T011828,A08041,21-03-2025,Credit,-9860.29,IMPS
T011845,A04126,15-06-2025,Debit,-87204.85,ATM
T011907,A10691,11-12-2025,Credit,-95888.58,ATM
T011975,A14238,31-05-2024,Credit,-30788.27,IMPS
T011978,A01223,01-05-2025,Debit,-76189.34,ATM
T012012,A03140,08-08-2025,Credit,-6206.9,UPI
T012044,A04418,24-01-2025,Debit,-71057.85,UPI
T012131,A13364,05-06-2025,Debit,-78706.51,ATM
T012182,A00284,02-12-2024,Credit,-30706.34,NEFT
T012364,A11239,14-04-2025,Credit,-76993.74,UPI
T012367,A09801,12-11-2024,Credit,-90496.48,UPI
T012388,A04494,16-08-2024,Debit,-40588.13,NEFT
T012405,A06997,29-04-2024,Debit,-53087.28,NEFT
T012442,A04169,23-05-2025,Credit,-37139.11,NEFT
T012522,A05008,14-01-2026,Credit,-12378.15,IMPS
T012529,A02719,25-07-2025,Debit,-77020.41,IMPS
T012550,A06284,31-12-2025,Credit,-37.15,UPI
T012643,A01522,20-10-2024,Debit,-87145.73,IMPS
T012654,A13392,21-01-2025,Debit,-99361.84,UPI
T012715,A14107,23-02-2026,Credit,-97091.21,IMPS
T012732,A03555,03-06-2025,Credit,-58573.22,UPI
T012753,A14138,05-06-2024,Debit,-37806.48,NEFT
T012776,A13058,04-10-2025,Debit,-53166.8,IMPS
T012781,A14684,27-02-2026,Debit,-27813.53,IMPS
T012796,A01531,25-05-2024,Credit,-44406.77,UPI
T012864,A10737,05-12-2025,Debit,-70671.56,IMPS
T012941,A13118,19-04-2026,Credit,-79760.62,UPI
T012954,A11259,17-03-2026,Credit,-88115.91,UPI
T013201,A10318,01-02-2026,Debit,-52560.2,IMPS
T013221,A01737,03-07-2024,Credit,-63817.77,ATM
T013247,A10072,05-10-2024,Credit,-80083.41,ATM
T013349,A05244,04-12-2025,Credit,-56730.66,IMPS
T013487,A09925,29-10-2024,Credit,-6313.69,UPI
T013658,A08995,22-08-2025,Credit,-21191.22,UPI
T013735,A04256,08-01-2025,Debit,-87608.98,NEFT
T013793,A09763,18-11-2025,Debit,-50963.09,UPI
T013795,A12856,22-01-2025,Debit,-71506.52,IMPS
T013888,A01814,21-06-2025,Debit,-38888.21,ATM
T013892,A11532,10-08-2025,Debit,-25018.76,UPI
T013906,A09672,15-02-2026,Debit,-70198.04,UPI
T013947,A01775,16-04-2025,Debit,-33695.52,ATM
T013958,A05986,16-09-2024,Credit,-21126.93,ATM
T014021,A07904,08-12-2024,Credit,-92668.97,NEFT
T014055,A07568,03-01-2025,Debit,-42565.62,NEFT
T014129,A09820,03-05-2024,Credit,-99954.98,UPI
T014139,A13644,27-02-2025,Debit,-85625.94,ATM
T014160,A06240,05-08-2025,Debit,-28576.15,UPI
T014207,A00479,12-06-2025,Debit,-37019.0,IMPS
T014244,A06074,04-10-2025,Credit,-10163.93,IMPS
T014323,A03768,20-09-2024,Credit,-97311.36,IMPS
T014340,A05254,06-08-2025,Debit,-23342.59,UPI
T014359,A01538,13-02-2026,Debit,-9061.11,IMPS
T014370,A04501,23-10-2024,Credit,-80910.19,NEFT
T014388,A03404,21-04-2025,Credit,-40238.66,NEFT
T014396,A09096,13-03-2025,Debit,-91362.0,NEFT
T014423,A08259,28-11-2024,Debit,-54784.13,NEFT
T014446,A02221,11-04-2025,Credit,-561.07,ATM
T014451,A00170,30-08-2025,Debit,-13180.76,ATM
T014484,A00059,24-08-2024,Debit,-74922.89,UPI
T014494,A08766,28-04-2025,Credit,-83417.93,NEFT
T014508,A07404,19-01-2026,Debit,-11589.55,UPI
T014515,A00802,18-03-2026,Credit,-60335.99,NEFT
T014593,A00995,26-04-2026,Credit,-63076.37,UPI
T014715,A14159,11-07-2024,Credit,-74118.78,NEFT
T014733,A99999,15-06-2025,Credit,-55569.38,UPI
T014771,A14145,07-02-2025,Credit,-61442.51,ATM
T014787,A03013,23-08-2024,Debit,-56517.34,NEFT
T014792,A09450,23-04-2026,Credit,-32950.7,ATM
T014836,A05706,22-04-2026,Debit,-75827.09,ATM
T014949,A11631,26-01-2026,Debit,-26529.59,ATM
T015000,A12778,01-03-2026,Debit,-59524.43,UPI
T015054,A11257,28-06-2025,Debit,-24320.43,ATM
T015088,A04364,25-05-2024,Debit,-95281.07,UPI
T015094,A04185,27-12-2024,Debit,-21682.73,UPI
T015226,A10934,17-05-2024,Credit,-3356.91,NEFT
T015245,A10656,11-07-2025,Debit,-56694.13,UPI
T015285,A14247,05-03-2026,Debit,-52544.99,ATM
T015298,A12918,23-04-2026,Credit,-45364.62,UPI
T015309,A00082,31-08-2025,Credit,-35030.91,UPI
T015327,A10565,13-02-2025,Debit,-52023.4,NEFT
T015400,A00989,24-01-2026,Credit,-68941.48,NEFT
T015508,A12974,03-02-2026,Debit,-18640.38,NEFT
T015542,A99999,19-07-2024,Credit,-80178.62,IMPS
T015569,A02009,01-09-2025,Credit,-6581.33,IMPS
T015597,A12675,29-05-2024,Debit,-53554.31,UPI
T015628,A10541,28-02-2025,Debit,-67667.07,IMPS
T015643,A07746,16-11-2024,Credit,-25454.77,NEFT
T015731,A02104,28-03-2026,Debit,-91994.86,IMPS
T015732,A12323,29-08-2025,Credit,-49617.61,ATM
T015792,A01397,20-03-2026,Debit,-55381.21,NEFT
T016049,A11585,28-09-2025,Credit,-92158.71,UPI
T016090,A10615,24-06-2025,Credit,-70869.68,NEFT
T016098,A12783,27-05-2025,Debit,-70996.22,NEFT
T016229,A11328,22-05-2025,Debit,-64081.41,IMPS
T016272,A04135,08-08-2024,Credit,-40361.42,IMPS
T016279,A01471,17-08-2025,Debit,-78094.06,UPI
T016337,A05395,24-03-2026,Debit,-63623.63,ATM
T016387,A00220,11-05-2024,Credit,-28252.03,NEFT
T016445,A08724,06-09-2025,Credit,-48460.91,NEFT
T016457,A00373,03-12-2025,Debit,-74056.24,IMPS
T016518,A00437,12-04-2025,Debit,-69966.66,NEFT
T016528,A14007,06-05-2025,Debit,-54181.33,ATM
T016641,A08985,22-04-2025,Debit,-23451.35,NEFT
T016658,A99999,10-05-2024,Credit,-93086.12,NEFT
T016723,A11479,02-03-2026,Credit,-67287.99,ATM
T016850,A03511,09-05-2024,Credit,-55478.55,UPI
T016938,A02172,21-01-2026,Debit,-36779.49,ATM
T016955,A07413,31-10-2024,Debit,-13611.96,NEFT
T016971,A14348,28-01-2025,Debit,-37698.32,UPI
T016996,A05356,24-11-2024,Credit,-25608.21,NEFT
T017032,A03708,19-01-2025,Credit,-11645.58,IMPS
T017168,A02282,23-12-2025,Debit,-65724.85,NEFT
T017197,A11639,23-03-2026,Credit,-48078.22,ATM
T017272,A11975,17-04-2026,Debit,-8787.96,ATM
T017286,A03842,27-06-2024,Credit,-62048.51,UPI
T017345,A04933,28-03-2026,Debit,-45366.21,NEFT
T017395,A14348,30-11-2024,Debit,-76813.36,NEFT
T017432,A07463,09-12-2025,Credit,-58028.14,IMPS
T017547,A05077,23-09-2025,Credit,-55126.28,NEFT
T017616,A05198,15-11-2025,Credit,-88815.05,NEFT
T017621,A14529,04-07-2024,Credit,-25926.52,UPI
T017623,A12699,07-08-2024,Credit,-17766.88,IMPS
T017677,A12996,30-03-2025,Debit,-49752.65,UPI
T017678,A11615,22-04-2025,Credit,-98502.17,IMPS
T017839,A12586,15-10-2024,Credit,-82987.17,NEFT
T017873,A10358,12-11-2024,Credit,-41399.59,UPI
T017929,A14008,28-07-2024,Credit,-42343.38,ATM
T018019,A14099,20-11-2025,Debit,-2710.65,NEFT
T018074,A02060,28-01-2025,Debit,-34941.9,NEFT
T018079,A02429,13-02-2026,Credit,-54569.2,ATM
T018095,A14724,26-08-2024,Credit,-87420.67,IMPS
T018124,A06953,18-11-2024,Debit,-50114.21,ATM
T018166,A04045,09-11-2024,Credit,-52721.25,NEFT
T018267,A11477,07-01-2026,Debit,-22989.07,NEFT
T018306,A05834,25-04-2025,Credit,-12614.57,ATM
T018320,A08293,28-01-2026,Credit,-58495.35,NEFT
T018345,A10862,15-07-2024,Debit,-39132.8,ATM
T018346,A11478,05-04-2025,Debit,-41755.89,UPI
T018426,A02720,02-09-2025,Credit,-29737.74,NEFT
T018493,A13618,17-10-2024,Debit,-10016.09,NEFT
T018524,A01246,12-08-2024,Credit,-60381.13,IMPS
T018545,A04864,18-03-2026,Debit,-48039.19,IMPS
T018563,A04832,11-07-2024,Credit,-44177.28,IMPS
T018564,A10956,18-11-2025,Credit,-98947.73,NEFT
T018596,A00402,22-03-2025,Debit,-9605.12,NEFT
T018621,A09221,14-03-2026,Debit,-25737.35,ATM
T018730,A01681,02-09-2024,Credit,-93733.35,IMPS
T018757,A02568,21-09-2025,Credit,-70028.37,IMPS
T018822,A06887,31-10-2024,Credit,-17219.29,NEFT
T018845,A03655,16-04-2025,Debit,-2129.09,NEFT
T018865,A11079,16-07-2025,Credit,-96790.83,ATM
T018934,A08639,09-03-2026,Debit,-40079.61,UPI
T018976,A08288,12-06-2024,Debit,-53966.21,UPI
T019045,A00551,17-05-2024,Debit,-37913.89,UPI
T019101,A08232,17-09-2024,Credit,-47609.52,ATM
T019120,A07870,11-09-2025,Debit,-97494.58,ATM
T019206,A08584,12-03-2026,Credit,-66791.93,ATM
T019261,A07206,26-12-2024,Debit,-3476.43,UPI
T019285,A03996,01-12-2025,Credit,-66138.53,UPI
T019334,A02526,27-08-2024,Debit,-43917.48,ATM
T019348,A00128,31-05-2025,Debit,-89087.18,NEFT
T019352,A14312,14-05-2024,Debit,-12039.04,NEFT
T019469,A03206,12-09-2024,Credit,-81921.56,UPI
T019476,A12776,28-03-2025,Debit,-98989.19,ATM
T019551,A09636,12-12-2024,Credit,-38246.54,IMPS
T019554,A04801,09-05-2024,Debit,-50442.24,UPI
T019578,A12480,11-12-2025,Credit,-79759.77,IMPS
T019587,A06014,02-06-2024,Credit,-89279.71,NEFT
T019597,A06322,30-08-2025,Debit,-96612.07,NEFT
T019675,A04601,21-01-2025,Debit,-80921.58,NEFT
T019708,A07091,22-06-2025,Debit,-15368.36,IMPS
T019733,A00408,08-02-2026,Credit,-23076.35,UPI
T019844,A11198,19-03-2026,Credit,-44415.84,IMPS
T019948,A11157,05-07-2024,Credit,-13864.38,UPI
T019973,A00421,26-11-2025,Credit,-18426.88,UPI
T019997,A00836,07-06-2025,Debit,-83831.21,IMPS
T020001,A12053,28-03-2025,Debit,-10869.38,NEFT
T020010,A06617,02-12-2024,Debit,-24834.81,ATM
T020031,A12762,18-04-2025,Debit,-64511.7,ATM
T020105,A14823,24-10-2025,Debit,-11066.85,UPI
T020120,A06083,10-08-2024,Debit,-80205.69,NEFT
T020166,A07429,06-12-2025,Debit,-86895.88,NEFT
T020202,A02625,20-05-2025,Debit,-56830.71,ATM
T020225,A01591,30-01-2026,Debit,-64958.42,IMPS
T020232,A09301,17-08-2024,Credit,-52282.64,NEFT
T020258,A09993,02-07-2024,Credit,-93864.82,ATM
T020328,A13870,29-06-2024,Debit,-83311.6,UPI
T020343,A99999,14-12-2025,Debit,-28538.17,ATM
T020395,A11785,07-03-2026,Debit,-93147.75,IMPS
T020409,A02736,14-10-2025,Debit,-21306.49,ATM
T020423,A07295,21-03-2025,Credit,-25922.67,ATM
T020534,A10305,01-05-2024,Debit,-43011.14,UPI
T020618,A04811,11-05-2024,Debit,-63883.63,UPI
T020682,A00099,20-09-2024,Credit,-41948.23,IMPS
T020700,A08397,15-07-2025,Credit,-94663.58,IMPS
T020742,A09637,06-05-2024,Credit,-50188.74,IMPS
T020810,A14679,25-08-2025,Debit,-96511.53,NEFT
T020847,A10340,09-10-2025,Credit,-19005.22,ATM
T020854,A13605,06-01-2025,Credit,-64042.35,IMPS
T020912,A01739,31-05-2025,Credit,-57927.14,IMPS
T021023,A02298,09-11-2024,Debit,-78576.76,IMPS
T021175,A11939,06-02-2025,Debit,-29535.62,ATM
T021182,A13828,08-12-2025,Credit,-79666.14,NEFT
T021559,A07103,14-06-2025,Debit,-71366.91,IMPS
T021562,A10553,19-07-2025,Credit,-96095.18,ATM
T021631,A08288,24-09-2025,Debit,-98986.57,IMPS
T021650,A04952,03-03-2025,Credit,-78921.22,UPI
T021677,A12006,18-01-2026,Debit,-60964.94,UPI
T021684,A14133,09-02-2026,Debit,-42986.16,ATM
T021700,A02011,30-07-2024,Credit,-8963.34,NEFT
T021720,A14136,24-05-2024,Debit,-50622.96,IMPS
T021740,A08936,29-10-2025,Credit,-36201.2,UPI
T021750,A04076,25-12-2025,Credit,-39209.78,ATM
T021771,A09125,25-06-2025,Debit,-60327.41,NEFT
T021851,A12340,01-11-2025,Debit,-16082.25,IMPS
T021880,A09023,17-03-2025,Credit,-99755.41,ATM
T021956,A12676,09-07-2025,Credit,-16361.78,UPI
T022000,A10887,26-12-2025,Credit,-31600.35,IMPS
T022155,A08760,02-05-2025,Debit,-92265.34,ATM
T022187,A09332,16-07-2025,Debit,-22130.08,UPI
T022203,A04320,28-07-2025,Credit,-66385.59,ATM
T022220,A04084,09-07-2024,Debit,-37052.22,NEFT
T022243,A10421,28-12-2024,Debit,-15028.87,UPI
T022308,A05422,06-02-2026,Credit,-79592.51,UPI
T022316,A02851,09-01-2026,Credit,-91784.21,IMPS
T022346,A09428,19-01-2025,Credit,-95064.06,ATM
T022380,A00053,03-02-2026,Credit,-66429.18,NEFT
T022505,A13508,17-01-2026,Credit,-46796.31,IMPS
T022524,A07573,07-09-2024,Debit,-98792.13,NEFT
T022591,A01253,09-03-2025,Debit,-40935.15,ATM
T022678,A13487,06-11-2024,Credit,-26333.91,ATM
T022692,A08505,26-06-2024,Debit,-34277.38,IMPS
T022736,A07393,15-02-2026,Credit,-99135.68,IMPS
T022817,A04631,11-09-2024,Credit,-77698.5,IMPS
T022830,A09163,21-08-2024,Debit,-48641.11,IMPS
T022839,A10318,28-11-2025,Credit,-56680.49,NEFT
T022841,A11854,11-07-2024,Debit,-74077.26,ATM
T022899,A00209,26-11-2025,Credit,-22493.47,UPI
T022916,A99999,08-12-2024,Credit,-88807.42,NEFT
T022949,A00546,12-09-2025,Credit,-79744.99,NEFT
T022989,A14188,29-09-2024,Debit,-75738.53,NEFT
T022996,A02884,31-05-2025,Credit,-10127.94,IMPS
T023108,A09108,12-03-2025,Credit,-91911.25,IMPS
T023146,A14366,05-12-2024,Debit,-57904.96,UPI
T023167,A11870,13-04-2026,Credit,-23988.04,IMPS
T023211,A12935,16-12-2025,Debit,-8110.96,ATM
T023547,A07515,27-10-2024,Debit,-13058.01,IMPS
T023560,A00282,29-04-2025,Credit,-36972.89,UPI
T023606,A12158,02-10-2025,Credit,-18677.05,ATM
T023662,A99999,26-09-2025,Credit,-15500.37,NEFT
T023686,A08517,11-07-2025,Credit,-31718.46,IMPS
T023696,A14424,08-09-2024,Credit,-45742.34,ATM
T023750,A05993,10-04-2025,Credit,-89868.71,NEFT
T023758,A03024,25-06-2025,Debit,-58280.6,NEFT
T023801,A09618,22-12-2024,Debit,-1588.8,ATM
T023851,A04973,18-01-2026,Credit,-9029.17,UPI
T023879,A06573,13-04-2026,Debit,-8590.33,NEFT
T023916,A10726,31-12-2025,Debit,-83370.69,NEFT
T024074,A14679,09-11-2025,Debit,-12264.19,UPI
T024085,A04263,16-01-2026,Debit,-33284.19,NEFT
T024145,A12556,21-01-2025,Credit,-33755.95,NEFT
T024164,A09025,26-07-2025,Credit,-65867.81,UPI
T024176,A05799,09-04-2026,Debit,-41603.36,UPI
T024213,A09053,26-07-2024,Debit,-77566.59,NEFT
T024446,A09458,13-04-2025,Debit,-48779.54,NEFT
T024454,A13289,27-11-2025,Credit,-68225.0,NEFT
T024462,A07687,23-04-2025,Debit,-14120.23,IMPS
T024541,A06439,13-06-2024,Debit,-17473.55,UPI
T024567,A14413,22-11-2024,Credit,-80978.8,ATM
T024607,A11373,25-05-2024,Credit,-56927.09,UPI
T024675,A10557,16-04-2026,Credit,-22242.65,ATM
T024701,A04135,15-05-2025,Credit,-30127.1,ATM
T024712,A10241,12-01-2026,Credit,-55175.86,NEFT
T024729,A12598,01-09-2025,Credit,-76539.13,ATM
T024808,A02421,04-02-2025,Credit,-84451.79,NEFT
T024863,A00311,22-08-2025,Credit,-14593.66,ATM
T024884,A11313,12-04-2025,Debit,-61932.49,UPI
T024934,A06616,25-03-2025,Debit,-63343.55,IMPS
T024989,A14801,05-04-2026,Credit,-14419.77,UPI
T025020,A13477,15-03-2026,Credit,-26496.12,NEFT
T025032,A04080,01-02-2025,Debit,-6387.19,IMPS
T025298,A13293,10-10-2025,Debit,-97554.57,ATM
T025314,A13175,14-09-2025,Debit,-66708.59,UPI
T025371,A05231,03-03-2026,Debit,-4965.88,NEFT
T025405,A07874,30-11-2024,Debit,-11201.46,ATM
T025452,A06928,31-08-2025,Credit,-56016.9,NEFT
T025480,A02200,02-09-2025,Debit,-326.63,NEFT
T025491,A06157,29-09-2024,Credit,-13200.38,IMPS
T025511,A05158,12-09-2025,Credit,-84250.34,NEFT
T025608,A99999,25-07-2024,Credit,-62358.95,NEFT
T025610,A07311,06-12-2025,Debit,-37586.46,ATM
T025653,A02744,17-03-2025,Credit,-66499.69,NEFT
T025824,A05688,06-11-2025,Credit,-62540.3,NEFT
T025903,A06970,11-11-2025,Credit,-73772.35,ATM
T026049,A03739,28-03-2025,Credit,-56528.25,IMPS
T026120,A11906,29-01-2026,Debit,-87446.45,UPI
T026173,A02869,16-06-2024,Debit,-43031.04,IMPS
T026207,A01167,24-02-2025,Credit,-6781.11,UPI
T026260,A04507,03-08-2024,Credit,-34074.58,UPI
T026373,A11251,13-09-2024,Debit,-24529.47,IMPS
T026488,A11768,08-05-2024,Credit,-66711.9,IMPS
T026496,A10377,01-09-2024,Debit,-71380.03,IMPS
T026534,A07845,15-09-2024,Debit,-72846.87,UPI
T026553,A13565,01-04-2026,Credit,-14586.46,NEFT
T026560,A10664,20-05-2024,Debit,-67713.41,ATM
T026608,A06680,26-07-2025,Debit,-52496.52,UPI
T026657,A06045,06-09-2024,Debit,-11182.09,NEFT
T026741,A06740,06-02-2026,Debit,-33717.14,UPI
T026851,A00218,07-08-2025,Debit,-9237.74,IMPS
T026868,A06668,06-10-2024,Debit,-6713.48,NEFT
T027114,A01966,13-07-2025,Credit,-13255.88,UPI
T027181,A04828,23-03-2025,Debit,-92791.66,ATM
T027193,A08239,12-05-2024,Debit,-12327.63,ATM
T027226,A10362,14-03-2025,Debit,-6294.39,ATM
T027341,A08247,02-05-2025,Credit,-70113.99,ATM
T027363,A10952,30-01-2025,Credit,-72939.44,NEFT
T027385,A02726,02-05-2025,Credit,-98697.86,NEFT
T027435,A04675,06-12-2024,Credit,-42835.53,IMPS
T027463,A13146,22-06-2025,Debit,-42975.78,IMPS
T027537,A06276,28-05-2025,Debit,-49441.81,NEFT
T027583,A06104,28-06-2024,Credit,-54696.97,UPI
T027662,A07442,30-11-2024,Credit,-14721.05,IMPS
T027704,A12398,24-05-2024,Debit,-82058.64,ATM
T027727,A03513,16-09-2025,Credit,-31888.96,NEFT
T027783,A14386,07-07-2024,Credit,-84445.42,ATM
T027947,A01510,22-10-2024,Debit,-16357.7,UPI
T027976,A11163,26-12-2025,Debit,-26402.56,UPI
T028000,A13663,05-11-2025,Credit,-4558.98,NEFT
T028031,A10624,13-08-2025,Credit,-32339.72,IMPS
T028094,A04029,10-05-2025,Debit,-26661.01,IMPS
T028138,A04073,24-03-2025,Debit,-42841.14,IMPS
T028170,A01815,25-05-2024,Credit,-35004.7,IMPS
T028174,A01494,26-07-2024,Credit,-59300.48,ATM
T028217,A08820,17-12-2024,Credit,-62235.35,NEFT
T028219,A10551,18-02-2026,Debit,-72194.95,UPI
T028232,A08215,23-09-2024,Debit,-79694.91,NEFT
T028244,A04596,26-05-2024,Debit,-17686.47,ATM
T028303,A08843,21-03-2026,Credit,-15983.96,IMPS
T028305,A07571,03-01-2026,Credit,-62057.4,UPI
T028333,A01598,21-05-2024,Debit,-27325.82,ATM
T028428,A05253,07-01-2025,Debit,-67112.11,UPI
T028445,A08673,21-09-2024,Credit,-81802.71,UPI
T028549,A13024,25-12-2025,Debit,-1368.82,UPI
T028602,A08303,18-07-2024,Debit,-22781.14,NEFT
T028605,A00171,24-02-2026,Credit,-97580.46,NEFT
T028624,A00456,26-12-2025,Debit,-65339.61,UPI
T028654,A09681,18-04-2026,Debit,-71957.72,IMPS
T028664,A04680,07-08-2024,Credit,-80666.19,NEFT
T028690,A10195,26-03-2026,Debit,-77655.23,IMPS
T028837,A03664,24-10-2024,Credit,-31427.1,UPI
T028883,A10760,30-10-2025,Debit,-5471.02,NEFT
T028922,A14501,24-04-2025,Debit,-92916.9,NEFT
T029083,A02384,23-09-2024,Credit,-62577.71,ATM
T029216,A07302,20-05-2025,Debit,-7002.43,NEFT
T029327,A02258,27-12-2024,Debit,-3270.68,ATM
T029364,A11061,29-01-2026,Credit,-86450.16,IMPS
T029383,A02183,23-01-2025,Credit,-830.43,ATM
T029405,A14353,27-11-2024,Credit,-27954.76,IMPS
T029470,A05848,20-08-2024,Credit,-65122.21,IMPS
T029477,A13925,23-04-2026,Debit,-98204.64,IMPS
T029481,A14987,26-03-2026,Debit,-45571.83,NEFT
T029497,A02258,30-10-2024,Debit,-56631.67,UPI
T029511,A05759,07-04-2026,Debit,-13470.1,IMPS
T029512,A13201,02-05-2025,Debit,-11028.51,ATM
T029560,A03700,13-07-2025,Credit,-78164.48,UPI
T029561,A12473,30-11-2024,Debit,-23895.02,IMPS
T029564,A03711,16-08-2024,Debit,-23858.7,ATM
T029826,A09202,23-02-2025,Credit,-7897.08,ATM
T029905,A01079,28-12-2025,Debit,-45766.35,NEFT
T029943,A05010,21-05-2025,Debit,-27624.05,UPI
T030052,A06362,06-02-2025,Credit,-9907.38,NEFT
T030086,A02953,19-01-2026,Credit,-30524.11,ATM
T030112,A11365,11-08-2025,Debit,-70658.56,UPI
T030123,A03531,13-12-2024,Credit,-86650.1,NEFT
T030164,A03951,29-03-2025,Credit,-46663.81,NEFT
T030179,A05126,01-08-2025,Debit,-80120.31,UPI
T030193,A05766,25-07-2025,Credit,-6322.8,UPI
T030245,A06741,18-09-2025,Debit,-84262.69,UPI
T030253,A05449,11-09-2024,Credit,-53304.33,NEFT
T030317,A05167,25-11-2024,Debit,-1801.22,IMPS
T030370,A14146,05-02-2025,Debit,-96808.0,ATM
T030410,A00538,23-10-2024,Credit,-4519.0,UPI
T030454,A13741,09-05-2024,Debit,-84239.03,IMPS
T030494,A05950,19-05-2025,Credit,-17348.24,NEFT
T030526,A10836,28-01-2026,Debit,-41823.24,IMPS
T030576,A04645,25-03-2026,Credit,-94104.21,NEFT
T030661,A03315,30-12-2025,Credit,-41205.04,ATM
T030697,A02839,06-10-2024,Debit,-91164.87,IMPS
T030747,A02906,29-11-2025,Credit,-6169.05,NEFT
T030799,A05402,27-01-2026,Credit,-63701.16,IMPS
T030804,A01535,04-05-2024,Debit,-76381.94,UPI
T030852,A00762,03-06-2025,Debit,-43041.25,IMPS
T030864,A00636,22-07-2024,Debit,-15457.29,ATM
T030889,A09162,12-04-2025,Credit,-90992.15,IMPS
T031063,A09210,04-11-2025,Debit,-90081.31,ATM
T031075,A14426,30-10-2024,Debit,-47536.31,IMPS
T031095,A00978,23-05-2024,Debit,-24809.11,ATM
T031137,A07004,04-01-2025,Credit,-42250.38,ATM
T031219,A07796,16-03-2025,Credit,-20393.68,ATM
T031297,A12081,23-07-2024,Debit,-59222.49,NEFT
T031348,A02015,27-12-2024,Credit,-42310.47,UPI
T031357,A04825,04-07-2025,Credit,-25565.64,NEFT
T031403,A14702,28-08-2024,Credit,-63575.0,ATM
T031450,A13336,31-07-2024,Debit,-41288.74,NEFT
T031497,A14719,11-03-2025,Debit,-17953.66,IMPS
T031555,A07968,17-09-2024,Credit,-21790.54,NEFT
T031559,A99999,28-03-2025,Credit,-79530.69,IMPS
T031599,A99999,12-01-2025,Credit,-16824.65,NEFT
T031667,A12096,03-03-2025,Credit,-78626.68,NEFT
T031685,A00213,28-07-2024,Credit,-86299.13,IMPS
T031689,A99999,05-11-2024,Debit,-12494.54,NEFT
T031693,A03655,26-03-2025,Credit,-13503.09,ATM
T031720,A09917,19-07-2025,Debit,-55925.33,UPI
T032021,A08079,08-12-2024,Credit,-65811.67,NEFT
T032127,A10526,10-11-2025,Debit,-54881.1,ATM
T032175,A11482,07-02-2026,Debit,-75689.71,ATM
T032187,A07793,01-02-2025,Debit,-19797.38,UPI
T032195,A05585,28-04-2025,Debit,-6056.25,ATM
T032209,A11737,02-07-2025,Credit,-21708.0,ATM
T032259,A13344,05-03-2025,Credit,-8960.48,ATM
T032309,A05423,28-09-2024,Debit,-3555.26,IMPS
T032310,A04792,24-01-2025,Debit,-11272.43,IMPS
T032324,A12294,05-07-2025,Debit,-77353.41,ATM
T032331,A99999,23-05-2025,Credit,-37042.79,IMPS
T032366,A13758,01-11-2025,Credit,-74041.92,IMPS
T032454,A04388,13-12-2025,Debit,-34997.13,IMPS
T032581,A04179,27-04-2026,Debit,-17981.17,IMPS
T032603,A06323,04-08-2024,Credit,-99702.01,ATM
T032659,A04825,15-03-2025,Credit,-26373.64,ATM
T032697,A08465,03-12-2024,Debit,-66605.56,IMPS
T032875,A02129,01-12-2024,Debit,-10731.49,IMPS
T032880,A01097,02-01-2026,Debit,-56079.43,NEFT
T032882,A11612,23-11-2025,Debit,-37518.77,ATM
T032957,A04436,29-12-2024,Credit,-97290.78,NEFT
T032975,A06675,09-02-2026,Credit,-62760.58,UPI
T032978,A12974,09-01-2025,Credit,-24880.37,UPI
T033090,A06030,07-12-2025,Credit,-90130.06,IMPS
T033186,A06816,02-06-2024,Debit,-43268.12,UPI
T033237,A08674,14-07-2024,Debit,-97846.04,IMPS
T033251,A10071,11-11-2024,Credit,-29468.33,NEFT
T033267,A03468,18-08-2025,Debit,-80366.56,ATM
T033399,A05810,21-03-2026,Credit,-18271.31,IMPS
T033410,A08857,05-03-2026,Debit,-64310.1,NEFT
T033415,A09072,15-02-2026,Credit,-58966.02,NEFT
T033503,A08182,16-09-2024,Debit,-21341.47,IMPS
T033507,A11546,27-06-2025,Credit,-74306.27,ATM
T033513,A04033,31-05-2024,Debit,-87624.57,UPI
T033575,A11360,07-11-2024,Debit,-40800.05,UPI
T033742,A07948,02-12-2024,Credit,-43296.84,ATM
T033771,A01803,15-03-2026,Debit,-7772.4,IMPS
T033953,A02338,16-08-2025,Debit,-77441.01,UPI
T033973,A09506,03-09-2024,Debit,-36134.12,UPI
T033996,A07885,27-11-2025,Credit,-53388.33,UPI
T034039,A02255,07-07-2024,Credit,-14436.59,ATM
T034051,A08837,11-09-2025,Debit,-21327.77,ATM
T034190,A04369,05-11-2024,Debit,-73415.92,IMPS
T034289,A10297,23-04-2025,Credit,-50479.93,NEFT
T034377,A05626,11-12-2024,Debit,-33909.7,ATM
T034438,A10586,10-12-2024,Credit,-39263.22,ATM
T034514,A04720,16-07-2025,Debit,-95138.11,UPI
T034571,A01743,07-01-2025,Debit,-55135.21,NEFT
T034578,A00562,08-09-2025,Credit,-62183.67,NEFT
T034604,A07732,28-10-2025,Credit,-98162.6,IMPS
T034658,A03128,15-08-2024,Credit,-55184.56,UPI
T034660,A07765,29-04-2024,Credit,-25789.92,ATM
T034681,A04775,13-06-2025,Credit,-54882.83,ATM
T034689,A14330,24-01-2026,Credit,-67153.64,ATM
T034714,A07176,14-08-2024,Credit,-96485.2,NEFT
T034716,A14934,08-08-2025,Debit,-13168.21,UPI
T034757,A02002,18-11-2024,Credit,-87288.77,ATM
T034791,A02223,10-05-2025,Credit,-18316.65,ATM
T034842,A14833,30-04-2025,Debit,-93152.73,NEFT
T035000,A02330,23-07-2024,Credit,-45025.15,IMPS
T035048,A02278,01-05-2024,Credit,-25931.45,ATM
T035049,A08823,20-04-2025,Credit,-48786.78,NEFT
T035105,A01215,30-05-2024,Credit,-51265.02,UPI
T035131,A09912,04-11-2025,Debit,-19339.23,ATM
T035168,A04278,21-08-2024,Debit,-26272.86,NEFT
T035191,A00863,09-07-2024,Debit,-93428.61,UPI
T035254,A10986,15-10-2024,Debit,-88086.39,IMPS
T035299,A09063,18-09-2024,Debit,-96471.98,NEFT
T035314,A04134,20-11-2025,Credit,-51941.3,UPI
T035369,A01224,28-07-2025,Credit,-75419.49,NEFT
T035401,A04383,18-12-2024,Debit,-23491.66,UPI
T035421,A05665,20-11-2025,Credit,-57844.39,ATM
T035422,A00832,27-02-2025,Debit,-87793.09,UPI
T035448,A10827,10-12-2025,Credit,-40822.54,UPI
T035511,A03140,17-06-2025,Credit,-58673.72,NEFT
T035531,A12290,26-08-2025,Credit,-58624.16,NEFT
T035547,A12614,29-07-2025,Credit,-7685.19,NEFT
T035552,A07328,22-06-2025,Debit,-32979.07,NEFT
T035553,A10901,26-08-2024,Debit,-10458.51,UPI
T035560,A09436,11-12-2024,Credit,-76252.88,IMPS
T035642,A01743,05-08-2025,Credit,-17729.99,ATM
T035653,A07551,05-02-2026,Credit,-11284.7,IMPS
T035719,A02155,08-12-2024,Debit,-21791.9,IMPS
T035767,A10850,01-09-2025,Credit,-27213.95,ATM
T035777,A04784,20-05-2024,Credit,-99530.82,NEFT
T035806,A07984,17-06-2025,Credit,-27115.22,UPI
T035829,A08310,28-05-2024,Debit,-62249.78,IMPS
T035831,A10836,11-01-2026,Credit,-46968.32,ATM
T035843,A99999,12-10-2025,Credit,-2915.09,UPI
T036011,A00563,09-01-2026,Debit,-88797.8,UPI
T036016,A02385,17-10-2024,Credit,-43526.56,IMPS
T036086,A00434,15-09-2024,Debit,-49016.17,IMPS
T036135,A02127,08-11-2025,Debit,-35494.85,UPI
T036168,A01000,01-07-2025,Credit,-54393.7,NEFT
T036183,A11993,03-10-2024,Debit,-89203.51,ATM
T036290,A10963,12-10-2025,Debit,-24990.63,IMPS
T036463,A12668,09-06-2024,Debit,-82728.81,IMPS
T036524,A08911,20-04-2026,Debit,-26214.28,ATM
T036601,A01837,20-09-2024,Credit,-32481.09,NEFT
T036613,A12495,09-03-2026,Debit,-90554.39,ATM
T036647,A13279,12-05-2024,Debit,-59203.05,NEFT
T036758,A07291,20-03-2026,Debit,-63606.16,ATM
T036814,A01574,10-06-2024,Debit,-49896.75,UPI
T036817,A14376,02-06-2024,Debit,-91672.29,UPI
T036838,A12649,31-10-2025,Credit,-24048.75,IMPS
T037034,A01902,14-05-2024,Credit,-84396.8,UPI
T037156,A03537,16-02-2025,Credit,-4690.23,IMPS
T037189,A00702,26-06-2024,Credit,-79629.57,IMPS
T037200,A10898,02-08-2024,Credit,-65115.24,ATM
T037218,A13003,16-05-2024,Debit,-67509.06,NEFT
T037305,A14640,14-05-2025,Credit,-12310.3,ATM
T037646,A10346,29-10-2024,Credit,-17364.97,UPI
T037714,A11071,11-01-2025,Debit,-23891.88,UPI
T037755,A09732,17-06-2024,Credit,-55544.69,IMPS
T037762,A13442,27-08-2025,Credit,-23370.84,NEFT
T037768,A09643,30-03-2026,Debit,-28592.98,UPI
T037856,A03320,07-05-2025,Credit,-68900.8,ATM
T038095,A09300,06-11-2025,Credit,-70395.57,ATM
T038107,A06523,24-03-2025,Debit,-10132.34,NEFT
T038126,A14323,28-10-2025,Credit,-44600.63,ATM
T038184,A08907,23-11-2025,Credit,-99385.39,IMPS
T038209,A08135,14-03-2026,Credit,-63377.93,UPI
T038225,A99999,19-04-2025,Debit,-3718.27,ATM
T038348,A09253,24-09-2025,Debit,-98772.01,ATM
T038424,A14775,14-01-2025,Debit,-93685.46,ATM
T038632,A06816,08-11-2024,Credit,-3453.08,NEFT
T038661,A08860,11-07-2025,Credit,-59003.9,ATM
T038703,A06251,26-03-2025,Credit,-42010.75,NEFT
T038727,A13148,12-02-2025,Credit,-92625.48,IMPS
T038815,A05335,30-01-2025,Debit,-3727.31,UPI
T038948,A00851,25-12-2025,Credit,-58695.86,ATM
T038989,A12469,10-12-2024,Credit,-29713.22,UPI
T039038,A12173,31-01-2026,Credit,-89832.68,NEFT
T039254,A04219,16-08-2025,Debit,-2713.29,IMPS
T039361,A13069,13-02-2025,Debit,-10641.06,IMPS
T039389,A12309,30-08-2025,Debit,-71869.46,ATM
T039390,A07023,04-03-2026,Credit,-49203.92,IMPS
T039438,A06279,16-09-2025,Credit,-41216.27,ATM
T039511,A00061,04-08-2025,Credit,-34695.0,NEFT
T039606,A11679,27-09-2025,Debit,-61589.95,UPI
T039609,A00632,18-04-2026,Credit,-1566.83,UPI
T039659,A07256,11-11-2025,Credit,-52154.15,ATM
T039667,A12662,28-01-2025,Debit,-22432.69,IMPS
T039766,A07995,09-08-2024,Debit,-32634.47,ATM
T039774,A03768,14-03-2026,Debit,-4659.02,ATM
T039996,A03745,26-03-2025,Debit,-19818.93,IMPS
T039998,A01295,04-11-2024,Credit,-20782.29,ATM
